set,x1,x2,f,dist_to_x_min
train,-3.9187771248711023,-0.7668767968257066,24.31100277032129,6.5335694580152675
train,-0.1245164005758963,-1.529128142242941,7.470624762758002,4.119261509140573
train,-1.8201992999555503,3.597860302208786,21.251225044680396,4.140903311688843
train,3.493273339052501,-3.5263885508782904,39.02324436467519,5.724581703531155
train,-3.50920356111285,2.127652233180326,29.07088110803549,5.510682259976021
train,-1.1271035733923838,2.5470047516147263,9.788531470449527,3.1745851629799606
train,2.470252348144549,2.3447035967562035,-1.8221398352363511,0.5830590369354767
train,0.5996832999861574,0.18158774603309968,0.7211569389749775,2.2951056589435357
train,0.275193750496169,-3.7833583865976395,24.447018137832718,6.035080018206612
train,3.8532371900605513,-0.6497992679252724,13.366630792435176,3.2335621600521054
train,3.36275094582117,0.37533220259142386,4.710653169836661,2.120527196777473
train,2.67506108941871,-3.12912782138829,28.226134297460753,5.173360579216044
train,-1.5828931213788318,-3.2624002807100196,19.675362065942686,6.366316033126273
train,2.649799519805674,-3.880089347503727,36.81856938498887,5.915884561970973
train,3.1111124661683585,0.7728482332836828,2.1039759969087357,1.6554372144632095
train,1.9310280356008827,-0.40955143090878865,3.6445037345571807,2.4105383693415177
train,3.9289578119318325,-3.44797027955173,41.91016323700556,5.779382182127411
train,0.16007213445658675,-1.306597943458634,6.235022813769923,3.78403547949646
train,-2.468482930915891,-0.8033853227522463,13.299429508210839,5.275064831043253
train,-3.272592955598138,-0.2540021103042336,18.996326339985607,5.734174917865608
train,-0.7382920620796036,3.891337759654749,14.254437112318033,3.3279726468743718
train,-3.3692578174879375,3.0568137342677026,33.62009018393766,5.472274187172293
train,1.30970081400831,3.701349294210093,2.5455424199707357,1.8360562047742361
train,1.1309692421742579,2.4380264229521282,-0.6722599604627928,0.9731811780194993
train,1.5569025184094958,1.1910324055428951,-1.5076875567187096,0.92236866115104
train,-3.1356553406879133,-2.787753069192405,22.709285610204656,7.021220351897352
train,2.065869496856438,-2.3987269031018412,17.642879086604232,4.399220062543818
train,-1.3089814664792025,1.492252770622902,7.527039422777992,3.3477105003932124
train,3.0346770227043454,2.138503837726476,-1.053566884074665,1.043906056298789
train,-0.42784341798355374,0.9881300878855228,2.461642675305894,2.630266979089504
train,-2.2744962912137403,-1.1418164665206576,12.712646419083562,5.3049344249387635
train,-2.580792624505611,-0.3352581423781418,13.739758385345946,5.141701241833135
train,-2.037189001102579,3.2235682280303575,20.73579043157172,4.218532237552416
train,2.3289311490562,3.360486030880552,-0.48838829237189785,1.3996849434928387
train,-1.4050509625900465,-1.6566842627944949,10.514515586688052,4.996570009076659
train,-1.9250751520047094,2.833767214297004,17.373981691914736,4.0126528278087275
train,-0.38432648183461726,-2.4127462093808942,12.635914235741103,5.015709509170492
train,-2.2025089774592685,0.5728242913347099,11.700193480952345,4.438233005265724
train,-3.8484979900038563,1.2998051949062273,28.600113593957385,5.890263279698069
train,1.7209215170688612,-0.9525149517381015,5.971245946309616,2.9656751912291726
train,3.7014365792229853,0.8283789341327799,4.261021293556565,2.065812758964823
train,3.2707961065093043,3.1886403091560167,-0.48273094804576466,1.7400541741192193
train,-0.6139149555359098,-1.8050059949485537,9.364659940268911,4.616342926643203
train,0.7379485111733279,-2.0287404882669566,10.739045950937488,4.221791548886692
train,-2.7431489946469187,-3.0540649513304636,22.06885182490376,6.93116403771308
test,0.9473869838849698,3.787149111702396,4.1830725258698,2.0741012774581296
test,-1.6627059769450034,1.3660084214608794,9.495235651159144,3.7171710204411066
test,1.8295233161338738,2.7150604439006845,-1.337725128586536,0.7351011754673197
test,2.201741969624175,-1.4440691126842427,10.597125161568172,3.4499727354362477
test,-2.9419171670521873,-3.69761588937791,26.72822633391074,7.542239197274026
test,-3.606445567918108,-1.921773891606112,22.82533050993991,6.841969187515532
test,2.9072691463287583,1.7693074938721276,-0.9143434706372506,0.9361390581872291
test,-0.1948393561209798,0.127279555037064,2.214081128542689,2.885203920723756
test,-0.9142228025974122,0.430573343961961,4.382135623831198,3.3099538624974
test,-2.8892826197146366,-0.057730820506201486,16.078513128352636,5.3046527374659265
test,0.8192498689069732,1.6338051647242482,-0.9041150702985983,1.236231988527572
test,0.03928653911413349,1.955066317441334,1.7583142352873666,1.9612282660433271
test,1.3633888703151351,-2.556845205895537,16.26917358660756,4.601098994906737
test,-1.0105155089531617,-2.2473574976467248,12.316513723729408,5.206078115286339
test,0.5042836331318457,-2.8614523988901093,16.59953295702128,5.086343173321248
