model,N,grid_RMSE_median,grid_RMSE_min,grid_RMSE_max,core_RMSE_median,core_RMSE_min,core_RMSE_max,rbf_condition_number_median,rbf_condition_number_min,rbf_condition_number_max
Cubic RBF,20,0.8585057014479133,0.3258321860662242,1.6169099095046862,0.234602976874994,0.1000479098281713,0.40850175704786823,10422.925869643715,10024.820217921135,15642.769712935982
Cubic RBF,30,0.23784627056700353,0.13473869342205613,0.7478742845745316,0.11856721199469443,0.04376234852382112,0.3110516646168007,40115.152174285235,28768.326748501866,47042.9210796276
Cubic RBF,45,0.0913080069767704,0.06883174960739015,0.2177679317104118,0.028287631860636674,0.023502249883646405,0.03742391179657137,181621.22038443992,88580.40235101977,280697.21573510376
Cubic RBF,65,0.11016633452777903,0.0441093973417386,0.2499819039052098,0.015150521380128562,0.011895271265089127,0.016797823509790654,704634.1052601513,605786.2859043485,2319324.006861449
Cubic RBF,90,0.1772099996306329,0.1167229133086578,0.26487043250581055,0.009373766057115571,0.005410754078356362,0.01608417764834309,2231593.9639575128,1361326.439277719,9711763.07796713
Gaussian process,20,0.00026566288193873266,0.00017243625771841683,0.000627549279966149,4.05309975701795e-05,3.056132830542733e-05,0.00013961313768810597,,,
Gaussian process,30,0.00013612610255982771,5.272973776250692e-05,0.0001974425036641297,3.266860813960054e-05,1.7314248717269464e-05,4.586101432966807e-05,,,
Gaussian process,45,4.786854691971099e-05,3.6943637801195974e-05,6.803162438315621e-05,2.1292871709218235e-05,1.920429201123049e-05,2.745344956651754e-05,,,
Gaussian process,65,5.68406125026833e-05,3.227447095757191e-05,9.468503776591101e-05,1.7033295716460197e-05,1.5488458160029383e-05,2.38059388820104e-05,,,
Gaussian process,90,7.028395992841619e-05,5.3487658728380936e-05,0.00013488613196135246,1.719537055495364e-05,1.4996101757211718e-05,1.823637373580882e-05,,,
Polynomial,20,6.665491331055282e-15,4.366513131348345e-15,1.0253679010751916e-14,4.8863508470184656e-15,2.889456292635436e-15,6.96491928862824e-15,,,
Polynomial,30,8.919716487134118e-15,5.533632739007783e-15,1.3149069062926473e-14,6.201801922569784e-15,4.6117179880058104e-15,8.648442330734471e-15,,,
Polynomial,45,9.502802616185264e-15,8.276822071561392e-15,9.885595830927933e-15,6.650221630395604e-15,5.255877991074044e-15,7.13368038826445e-15,,,
Polynomial,65,8.366807057794727e-15,5.020121030355015e-15,2.1910091452336892e-14,5.626706255493763e-15,3.082414464358171e-15,1.356710393205475e-14,,,
Polynomial,90,8.277051551978218e-15,3.6691060817349995e-15,1.197710452698424e-14,5.931243369343133e-15,2.4107875037200818e-15,6.8881379278363876e-15,,,
