N,repeat,model,degree_used,grid_RMSE,core_RMSE,rbf_condition_number
20,0,Polynomial,4,1.0083204848076099e-12,6.423255517400841e-13,
20,0,Cubic RBF,4,162.4293673573519,90.2316492143473,10428.611530761744
20,0,Gaussian process,4,2.7663049961684556,0.6510781479283447,
20,1,Polynomial,4,1.2514749327676441e-12,4.3565417841613285e-13,
20,1,Cubic RBF,4,132.13169104549735,61.362325141380936,15642.769712935982
20,1,Gaussian process,4,1.6932595583991703,0.5397241084978266,
20,2,Polynomial,4,1.1026280316602378e-12,8.163387646776766e-13,
20,2,Cubic RBF,4,176.74624514374648,53.55589988019647,10227.542587854687
20,2,Gaussian process,4,2.994258333755608,0.8124407024128188,
20,3,Polynomial,4,2.130297803640093e-12,7.174158087783231e-13,
20,3,Cubic RBF,4,185.8931360609373,36.83563134638944,10422.925869643715
20,3,Gaussian process,4,3.7554873800695145,0.7115364492162825,
20,4,Polynomial,4,9.219375376481936e-13,4.880999475717514e-13,
20,4,Cubic RBF,4,134.7433333621589,87.42962859563055,10024.820217921135
20,4,Gaussian process,4,2.9133572821,0.884672246108736,
30,0,Polynomial,4,8.172388892298556e-13,5.077635225042357e-13,
30,0,Cubic RBF,4,170.58090484228643,75.58917744530187,47042.9210796276
30,0,Gaussian process,4,0.28318289947664577,0.034874202398127135,
30,1,Polynomial,4,6.223360553141867e-13,2.9187396341939026e-13,
30,1,Cubic RBF,4,105.87977689444516,27.61652167472511,29781.87540776544
30,1,Gaussian process,4,0.8194957941231092,0.1487458936945714,
30,2,Polynomial,4,2.5081081467531392e-12,1.3146487794950812e-12,
30,2,Cubic RBF,4,130.0765356256107,38.824217752077345,43111.77561637482
30,2,Gaussian process,4,0.09296958333646049,0.012697020328862496,
30,3,Polynomial,4,1.0503365613946353e-12,4.5397581723446174e-13,
30,3,Cubic RBF,4,111.96367037681344,26.791767290120678,40115.152174285235
30,3,Gaussian process,4,0.12153679317741975,0.00824550943680203,
30,4,Polynomial,4,5.378872432595211e-13,2.0119151328754285e-13,
30,4,Cubic RBF,4,165.34031815071367,27.69566775275919,28768.326748501866
30,4,Gaussian process,4,1.7916516036329444,0.12967948202895516,
45,0,Polynomial,4,7.14707523349789e-13,3.386528536975979e-13,
45,0,Cubic RBF,4,43.98047310798529,11.19738455172875,88580.40235101977
45,0,Gaussian process,4,0.029066799032478278,0.005528273344033597,
45,1,Polynomial,4,9.26880874322425e-13,4.349517117324773e-13,
45,1,Cubic RBF,4,100.84075348044237,20.87634481470844,218446.41934773297
45,1,Gaussian process,4,0.11725363630321552,0.015614428117121743,
45,2,Polynomial,4,7.919602028055947e-13,5.200899714213309e-13,
45,2,Cubic RBF,4,46.62730845456,17.976142743561095,280697.21573510376
45,2,Gaussian process,4,0.022301119746941978,0.005351776974777135,
45,3,Polynomial,4,7.288497972483917e-13,3.293327382307536e-13,
45,3,Cubic RBF,4,62.61539298935455,16.64662980229039,119921.7905224263
45,3,Gaussian process,4,0.053333273547814426,0.0069376123348337,
45,4,Polynomial,4,5.045470388138035e-13,2.0810168171357435e-13,
45,4,Cubic RBF,4,38.17577934011652,9.493041407744775,181621.22038443992
45,4,Gaussian process,4,0.029149903535793227,0.006472249060279977,
65,0,Polynomial,4,6.790620704295794e-13,2.952780032885632e-13,
65,0,Cubic RBF,4,51.33701319106558,14.189388660893725,605786.2859043485
65,0,Gaussian process,4,0.018387876918306373,0.0035862285207594446,
65,1,Polynomial,4,6.117020364351124e-13,3.3931200241329766e-13,
65,1,Cubic RBF,4,61.500259267970236,7.005573982731998,2319324.006861449
65,1,Gaussian process,4,0.02829083442955396,0.002107963111684407,
65,2,Polynomial,4,4.785591817672789e-13,2.3612361580898874e-13,
65,2,Cubic RBF,4,39.82898292054488,8.357006523859493,704634.1052601513
65,2,Gaussian process,4,0.017085226099839073,0.0031004778470901297,
65,3,Polynomial,4,4.83320571591134e-13,2.7774251093407594e-13,
65,3,Cubic RBF,4,35.369415828700184,8.480137061213432,1777846.6784966476
65,3,Gaussian process,4,0.01644964539870159,0.003727076535500758,
65,4,Polynomial,4,5.636185507204642e-13,3.1672904416337554e-13,
65,4,Cubic RBF,4,32.181719263191034,9.996599898378227,662736.9462199949
65,4,Gaussian process,4,0.010639893139196731,0.003702496546785546,
90,0,Polynomial,4,1.5220085350330936e-12,5.875103676980812e-13,
90,0,Cubic RBF,4,26.19608650142843,4.093903714983953,2205608.6387421037
90,0,Gaussian process,4,0.00924942539750318,0.001889178005112267,
90,1,Polynomial,4,8.683300422730741e-13,4.77384808348691e-13,
90,1,Cubic RBF,4,22.278988214429692,3.344060311755962,2231593.9639575128
90,1,Gaussian process,4,0.009942360821520545,0.0022954892976627976,
90,2,Polynomial,4,5.830752400694297e-13,5.074528688593653e-13,
90,2,Cubic RBF,4,27.532170979800412,3.511045893044868,3416518.991102628
90,2,Gaussian process,4,0.005092950665361405,0.001889966975829983,
90,3,Polynomial,4,1.1913671099378365e-12,7.201602125070597e-13,
90,3,Cubic RBF,4,28.209565581908254,3.7722882860385565,1361326.439277719
90,3,Gaussian process,4,0.009767886762086422,0.0018921134560593207,
90,4,Polynomial,4,6.184167982253355e-13,3.2738215826178393e-13,
90,4,Cubic RBF,4,49.70511219448557,4.656368204944054,9711763.07796713
90,4,Gaussian process,4,0.022817559645167313,0.0018407017313286172,
