term,fitted,exact,abs_diff
1,0.9999999999999503,1.0,4.973799150320701e-14
x1,-1.9999999999996163,-2.0,3.836930773104541e-13
x2,2.428759971314411e-13,0.0,2.428759971314411e-13
x1^2,0.9999999999999254,1.0,7.460698725481052e-14
x1 x2,8.91445997338291e-14,0.0,8.91445997338291e-14
x2^2,100.00000000000014,100.0,1.4210854715202004e-13
x1^3,-6.057182565974711e-14,0.0,6.057182565974711e-14
x1^2 x2,-200.0000000000003,-200.0,3.126388037344441e-13
x1 x2^2,-5.435093737278895e-14,0.0,5.435093737278895e-14
x2^3,5.2915837539642354e-14,0.0,5.2915837539642354e-14
x1^4,100.00000000000006,100.0,5.684341886080802e-14
x1^3 x2,-9.575621795071783e-14,0.0,9.575621795071783e-14
x1^2 x2^2,8.171241461241152e-14,0.0,8.171241461241152e-14
x1 x2^3,-2.2083540032571047e-14,0.0,2.2083540032571047e-14
x2^4,-1.2079226507921703e-13,0.0,1.2079226507921703e-13
